email,migrated email
cristiane.marsilio+cjsm1@hmcts.net.cjsm.net,cristiane.marsilio+cjsm1@hmcts.net
cristiane.marsilio+cjsm2@hmcts.net.cjsm.net,cristiane.marsilio+cjsm2@hmcts.net
cristiane.marsilio+cjsm3@hmcts.net.cjsm.net,cristiane.marsilio+cjsm3@hmcts.net
cristiane.marsilio+cjsm4@hmcts.net.cjsm.net,cristiane.marsilio+cjsm4@hmcts.net
cristiane.marsilio+cjsm5@hmcts.net.cjsm.net,cristiane.marsilio+cjsm5@hmcts.net
cristiane.marsilio+cjsm6@hmcts.net.cjsm.net,cristiane.marsilio+cjsm6@hmcts.net
cristiane.marsilio+cjsm7@hmcts.net.cjsm.net,cristiane.marsilio+cjsm7@hmcts.net
cristiane.marsilio+cjsm8@hmcts.net.cjsm.net,cristiane.marsilio+cjsm8@hmcts.net
cristiane.marsilio+cjsm9@hmcts.net.cjsm.net,cristiane.marsilio+cjsm9@hmcts.net
cristiane.marsilio+cjsm10@hmcts.net.cjsm.net,cristiane.marsilio+cjsm10@hmcts.net
cristiane.marsilio+cjsm11@hmcts.net.cjsm.net,cristiane.marsilio+cjsm11@hmcts.net
cristiane.marsilio+cjsm12@hmcts.net.cjsm.net,cristiane.marsilio+cjsm12@hmcts.net
cristiane.marsilio+cjsm13@hmcts.net.cjsm.net,cristiane.marsilio+cjsm13@hmcts.net
cristiane.marsilio+cjsm14@hmcts.net.cjsm.net,cristiane.marsilio+cjsm14@hmcts.net
